{
	"IcoMoonType": "selection",
	"icons": [
		{
			"icon": {
				"paths": [
					"M42 426q194 0 332 138t138 332h-86q0-160-113-272t-271-112v-86zM42 598q124 0 212 87t88 211h-86q0-88-63-151t-151-63v-84zM42 768q52 0 90 38t38 90h-128v-128zM896 128q34 0 60 26t26 60v596q0 34-26 60t-60 26h-298v-86h298v-596h-768v128h-86v-128q0-34 26-60t60-26h768z"
				],
				"attrs": [
					{}
				],
				"isMulticolor": false,
				"tags": [
					"cast"
				],
				"grid": 24
			},
			"attrs": [
				{}
			],
			"properties": {
				"order": 1,
				"id": 0,
				"prevSize": 24,
				"code": 58880,
				"name": "cast"
			},
			"setIdx": 0,
			"setId": 2,
			"iconIdx": 0
		}
	],
	"height": 1024,
	"metadata": {
		"name": "icomoon"
	},
	"preferences": {
		"showGlyphs": true,
		"showQuickUse": true,
		"showQuickUse2": true,
		"showSVGs": true,
		"fontPref": {
			"prefix": "icon-",
			"metadata": {
				"fontFamily": "icomoon"
			},
			"metrics": {
				"emSize": 1024,
				"baseline": 6.25,
				"whitespace": 50
			}
		},
		"imagePref": {
			"prefix": "icon-",
			"png": true,
			"useClassSelector": true,
			"color": 4473924,
			"bgColor": 16777215
		},
		"historySize": 100,
		"showCodes": true
	}
}